﻿{"cameraMode":{"drawMode":0,"name":"Shaded","section":"Shading Mode"},"sceneLighting":true,"audioPlay":false,"sceneViewState":{"showFog":true,"showMaterialUpdate":false,"showSkybox":true,"showFlares":true,"showImageEffects":true,"showParticleSystems":true},"in2DMode":false,"pivot":{"x":-3.976391077041626,"y":0.6808853149414063,"z":-3.65569806098938},"rotation":{"x":0.18077826499938966,"y":-0.4240184724330902,"z":0.08678828924894333,"w":0.8831905126571655},"size":11.121441841125489,"orthographic":false}